,bioguide_id,count,blame_count,compromise_count,credit_claiming_count,insult_count,policy_count,foreign_policy_count,legislative_discussion_count,blame_sum,compromise_sum,credit_claiming_sum,insult_sum,policy_sum,foreign_policy_sum,legislative_discussion_sum,blame_mean,compromise_mean,credit_claiming_mean,insult_mean,policy_mean,foreign_policy_mean,legislative_discussion_mean
0,A000055,5,5,5,5,5,5,5,5,0,0,0,0,1,0,0,0.0,0.0,0.0,0.0,0.2,0.0,0.0
1,A000148,326,326,326,326,326,326,326,326,18,21,19,1,199,58,61,0.0552,0.0644,0.0583,0.0031,0.6104,0.1779,0.1871
2,A000369,379,379,379,379,379,379,379,379,62,25,53,0,256,22,142,0.1636,0.066,0.1398,0.0,0.6755,0.058,0.3747
3,A000370,455,455,455,455,455,455,455,455,12,4,30,1,154,9,89,0.0264,0.0088,0.0659,0.0022,0.3385,0.0198,0.1956
4,A000371,82,82,82,82,82,82,82,82,5,3,16,1,35,0,14,0.061,0.0366,0.1951,0.0122,0.4268,0.0,0.1707
5,A000372,594,594,594,594,594,594,594,594,60,17,90,2,320,26,197,0.101,0.0286,0.1515,0.0034,0.5387,0.0438,0.3316
6,A000375,260,260,260,260,260,260,260,260,56,11,31,9,175,7,50,0.2154,0.0423,0.1192,0.0346,0.6731,0.0269,0.1923
7,A000376,113,113,113,113,113,113,113,113,3,13,23,0,47,5,21,0.0265,0.115,0.2035,0.0,0.4159,0.0442,0.1858
8,A000377,322,321,321,322,321,322,322,322,29,19,33,2,159,19,88,0.0903,0.0592,0.1025,0.0062,0.4938,0.059,0.2733
9,A000378,4,4,4,4,4,4,4,4,0,0,1,0,1,0,0,0.0,0.0,0.25,0.0,0.25,0.0,0.0
10,A000379,295,295,295,295,295,295,295,295,12,12,13,1,128,36,74,0.0407,0.0407,0.0441,0.0034,0.4339,0.122,0.2508
11,B000490,457,451,453,457,451,457,457,457,3,28,120,1,169,1,59,0.0067,0.0618,0.2626,0.0022,0.3698,0.0022,0.1291
12,B000574,116,116,116,116,116,116,116,116,14,6,5,0,77,14,29,0.1207,0.0517,0.0431,0.0,0.6638,0.1207,0.25
13,B000668,299,299,299,299,299,299,299,299,24,4,29,0,153,15,113,0.0803,0.0134,0.097,0.0,0.5117,0.0502,0.3779
14,B000740,551,551,551,551,551,551,551,551,141,26,67,2,349,84,178,0.2559,0.0472,0.1216,0.0036,0.6334,0.1525,0.323
15,B000825,517,517,517,517,517,517,517,517,133,19,103,32,298,13,145,0.2573,0.0368,0.1992,0.0619,0.5764,0.0251,0.2805
16,B000944,407,402,402,407,402,407,407,407,37,25,37,2,140,12,54,0.092,0.0622,0.0909,0.005,0.344,0.0295,0.1327
17,B001223,315,314,314,315,314,315,315,315,42,3,7,20,148,8,37,0.1338,0.0096,0.0222,0.0637,0.4698,0.0254,0.1175
18,B001224,216,216,216,216,216,216,216,216,39,1,24,9,139,0,45,0.1806,0.0046,0.1111,0.0417,0.6435,0.0,0.2083
19,B001230,621,620,621,621,620,621,621,621,23,89,111,0,459,22,274,0.0371,0.1433,0.1787,0.0,0.7391,0.0354,0.4412
20,B001236,185,185,185,185,185,185,185,185,17,12,26,0,96,3,47,0.0919,0.0649,0.1405,0.0,0.5189,0.0162,0.2541
21,B001243,1086,1085,1085,1086,1084,1086,1085,1086,317,25,47,46,490,46,150,0.2922,0.023,0.0433,0.0424,0.4512,0.0424,0.1381
22,B001248,776,774,774,776,774,776,776,776,126,44,105,15,530,17,304,0.1628,0.0568,0.1353,0.0194,0.683,0.0219,0.3918
23,B001251,7,7,7,7,7,7,7,7,0,0,0,0,0,0,0,0.0,0.0,0.0,0.0,0.0,0.0,0.0
24,B001257,854,854,854,854,854,854,854,854,69,16,82,4,348,30,186,0.0808,0.0187,0.096,0.0047,0.4075,0.0351,0.2178
25,B001260,379,367,374,379,367,379,379,379,26,30,59,3,215,23,124,0.0708,0.0802,0.1557,0.0082,0.5673,0.0607,0.3272
26,B001261,421,421,421,421,421,421,421,421,70,5,4,12,84,7,21,0.1663,0.0119,0.0095,0.0285,0.1995,0.0166,0.0499
27,B001267,1217,1217,1217,1217,1217,1217,1217,1217,93,63,86,15,598,66,188,0.0764,0.0518,0.0707,0.0123,0.4914,0.0542,0.1545
28,B001275,47,47,47,47,47,47,47,47,4,1,7,1,34,4,26,0.0851,0.0213,0.1489,0.0213,0.7234,0.0851,0.5532
29,B001277,255,255,255,255,255,255,255,255,19,5,10,2,83,18,41,0.0745,0.0196,0.0392,0.0078,0.3255,0.0706,0.1608
30,B001278,339,336,336,339,336,339,336,339,29,16,44,1,237,2,82,0.0863,0.0476,0.1298,0.003,0.6991,0.006,0.2419
31,B001281,80,80,80,80,80,80,80,80,5,4,1,4,22,0,9,0.0625,0.05,0.0125,0.05,0.275,0.0,0.1125
32,B001282,245,245,245,245,244,245,244,245,31,12,21,2,134,70,69,0.1265,0.049,0.0857,0.0082,0.5469,0.2869,0.2816
33,B001285,367,367,367,367,367,367,367,367,23,17,59,2,272,8,178,0.0627,0.0463,0.1608,0.0054,0.7411,0.0218,0.485
34,B001286,97,97,97,97,97,97,97,97,0,9,28,0,27,0,12,0.0,0.0928,0.2887,0.0,0.2784,0.0,0.1237
35,B001287,343,343,343,343,343,343,343,343,2,24,43,0,96,9,34,0.0058,0.07,0.1254,0.0,0.2799,0.0262,0.0991
36,B001288,203,203,203,203,203,203,203,203,13,5,11,2,101,8,38,0.064,0.0246,0.0542,0.0099,0.4975,0.0394,0.1872
37,B001291,1078,1078,1078,1078,1078,1078,1078,1078,372,0,30,124,365,69,88,0.3451,0.0,0.0278,0.115,0.3386,0.064,0.0816
38,B001292,159,159,159,159,159,159,159,159,40,3,11,6,87,4,44,0.2516,0.0189,0.0692,0.0377,0.5472,0.0252,0.2767
39,B001295,598,597,597,598,597,598,598,598,69,3,57,5,292,18,170,0.1156,0.005,0.0953,0.0084,0.4883,0.0301,0.2843
40,B001296,40,40,40,40,39,40,39,40,12,0,3,3,15,2,4,0.3,0.0,0.075,0.0769,0.375,0.0513,0.1
41,B001297,349,349,349,349,348,349,348,349,45,18,24,4,157,18,70,0.1289,0.0516,0.0688,0.0115,0.4499,0.0517,0.2006
42,B001298,232,232,232,232,232,232,232,232,19,15,20,2,96,23,43,0.0819,0.0647,0.0862,0.0086,0.4138,0.0991,0.1853
43,B001299,483,483,483,483,483,483,483,483,110,3,29,53,192,45,101,0.2277,0.0062,0.06,0.1097,0.3975,0.0932,0.2091
44,B001300,715,714,714,715,714,715,715,715,52,26,64,5,507,10,227,0.0728,0.0364,0.0895,0.007,0.7091,0.014,0.3175
45,B001301,914,914,914,914,914,914,914,914,52,80,123,1,551,66,331,0.0569,0.0875,0.1346,0.0011,0.6028,0.0722,0.3621
46,B001302,1788,1788,1788,1788,1788,1788,1788,1788,418,6,29,74,752,94,286,0.2338,0.0034,0.0162,0.0414,0.4206,0.0526,0.16
47,B001303,731,731,731,731,731,731,731,731,14,41,112,1,281,16,141,0.0192,0.0561,0.1532,0.0014,0.3844,0.0219,0.1929
48,B001305,65,65,65,65,65,65,65,65,9,0,2,0,24,1,7,0.1385,0.0,0.0308,0.0,0.3692,0.0154,0.1077
49,B001306,216,216,216,216,216,216,216,216,26,2,28,3,139,11,69,0.1204,0.0093,0.1296,0.0139,0.6435,0.0509,0.3194
50,B001307,50,50,50,50,50,50,50,50,8,8,8,0,29,1,15,0.16,0.16,0.16,0.0,0.58,0.02,0.3
51,B001309,390,390,390,390,390,390,390,390,61,2,17,12,113,37,41,0.1564,0.0051,0.0436,0.0308,0.2897,0.0949,0.1051
52,B001310,138,138,138,138,138,138,138,138,13,7,4,3,58,1,18,0.0942,0.0507,0.029,0.0217,0.4203,0.0072,0.1304
53,B001311,766,766,766,766,766,766,766,766,233,8,58,37,384,57,168,0.3042,0.0104,0.0757,0.0483,0.5013,0.0744,0.2193
54,B001312,65,65,65,65,65,65,65,65,0,3,22,0,51,5,28,0.0,0.0462,0.3385,0.0,0.7846,0.0769,0.4308
55,B001313,171,171,171,171,171,171,171,171,16,5,13,4,72,1,44,0.0936,0.0292,0.076,0.0234,0.4211,0.0058,0.2573
56,B001314,304,304,304,304,304,304,304,304,42,5,32,6,126,19,60,0.1382,0.0164,0.1053,0.0197,0.4145,0.0625,0.1974
57,B001315,83,83,83,83,83,83,83,83,0,15,17,0,33,0,20,0.0,0.1807,0.2048,0.0,0.3976,0.0,0.241
58,B001316,854,854,854,854,854,854,854,854,153,1,24,23,214,21,120,0.1792,0.0012,0.0281,0.0269,0.2506,0.0246,0.1405
59,B001317,244,244,244,244,244,244,244,244,45,1,13,3,122,6,42,0.1844,0.0041,0.0533,0.0123,0.5,0.0246,0.1721
60,B001318,187,187,187,187,187,187,187,187,4,4,4,2,40,0,6,0.0214,0.0214,0.0214,0.0107,0.2139,0.0,0.0321
61,B001319,27,27,27,27,27,27,27,27,0,0,1,0,0,0,0,0.0,0.0,0.037,0.0,0.0,0.0,0.0
62,C000059,123,123,123,123,123,123,123,123,18,5,15,1,69,15,29,0.1463,0.0407,0.122,0.0081,0.561,0.122,0.2358
63,C000127,184,184,184,184,184,184,184,184,8,6,12,0,97,14,32,0.0435,0.0326,0.0652,0.0,0.5272,0.0761,0.1739
64,C000141,1184,1184,1184,1184,1184,1184,1184,1184,52,67,180,6,532,70,227,0.0439,0.0566,0.152,0.0051,0.4493,0.0591,0.1917
65,C000174,265,265,265,265,265,265,265,265,2,30,32,0,98,4,53,0.0075,0.1132,0.1208,0.0,0.3698,0.0151,0.2
66,C000537,129,129,129,129,129,129,129,129,10,4,14,0,44,1,26,0.0775,0.031,0.1085,0.0,0.3411,0.0078,0.2016
67,C000880,204,202,203,204,201,204,203,204,11,4,16,0,106,17,51,0.0545,0.0197,0.0784,0.0,0.5196,0.0837,0.25
68,C001035,351,346,348,351,346,351,351,351,7,35,33,0,257,12,142,0.0202,0.1006,0.094,0.0,0.7322,0.0342,0.4046
69,C001039,832,832,832,832,832,832,832,832,98,13,61,10,320,23,172,0.1178,0.0156,0.0733,0.012,0.3846,0.0276,0.2067
70,C001047,704,704,704,704,704,704,704,704,83,41,98,3,402,11,139,0.1179,0.0582,0.1392,0.0043,0.571,0.0156,0.1974
71,C001051,548,548,548,548,548,548,548,548,52,8,55,3,234,28,101,0.0949,0.0146,0.1004,0.0055,0.427,0.0511,0.1843
72,C001053,1141,1134,1134,1141,1134,1141,1141,1141,274,113,102,12,646,175,314,0.2416,0.0996,0.0894,0.0106,0.5662,0.1534,0.2752
73,C001054,32,32,32,32,32,32,32,32,4,2,4,0,8,0,5,0.125,0.0625,0.125,0.0,0.25,0.0,0.1563
74,C001055,324,324,324,324,324,324,324,324,3,32,28,0,132,34,41,0.0093,0.0988,0.0864,0.0,0.4074,0.1049,0.1265
75,C001056,1348,1347,1347,1348,1340,1348,1340,1348,313,57,43,20,789,142,183,0.2324,0.0423,0.0319,0.0149,0.5853,0.106,0.1358
76,C001059,150,150,150,150,150,150,150,150,4,14,11,1,54,10,15,0.0267,0.0933,0.0733,0.0067,0.36,0.0667,0.1
77,C001061,366,366,366,366,366,366,366,366,41,26,45,3,211,1,101,0.112,0.071,0.123,0.0082,0.5765,0.0027,0.276
78,C001063,1470,1463,1464,1470,1463,1470,1470,1470,8,100,229,0,517,89,172,0.0055,0.0683,0.1558,0.0,0.3517,0.0605,0.117
79,C001066,1213,1213,1213,1213,1213,1213,1213,1213,124,89,246,6,774,18,372,0.1022,0.0734,0.2028,0.0049,0.6381,0.0148,0.3067
80,C001067,680,671,672,680,671,680,680,680,35,16,33,6,308,19,147,0.0522,0.0238,0.0485,0.0089,0.4529,0.0279,0.2162
81,C001068,1359,1359,1359,1359,1359,1359,1359,1359,101,47,225,30,590,102,271,0.0743,0.0346,0.1656,0.0221,0.4341,0.0751,0.1994
82,C001069,1169,1169,1169,1169,1169,1169,1169,1169,16,63,301,0,510,88,206,0.0137,0.0539,0.2575,0.0,0.4363,0.0753,0.1762
83,C001070,82,82,82,82,82,82,82,82,5,5,18,0,57,8,31,0.061,0.061,0.2195,0.0,0.6951,0.0976,0.378
84,C001072,483,483,483,483,483,483,483,483,39,30,57,3,215,7,111,0.0807,0.0621,0.118,0.0062,0.4451,0.0145,0.2298
85,C001075,304,301,300,304,298,304,301,304,47,10,21,1,182,21,62,0.1561,0.0333,0.0691,0.0034,0.5987,0.0698,0.2039
86,C001078,509,508,508,509,508,509,508,509,48,29,48,2,209,26,96,0.0945,0.0571,0.0943,0.0039,0.4106,0.0512,0.1886
87,C001080,292,292,292,292,290,292,291,292,41,9,35,6,139,17,95,0.1404,0.0308,0.1199,0.0207,0.476,0.0584,0.3253
88,C001084,1078,1062,1066,1078,1062,1078,1078,1078,69,33,113,8,539,75,196,0.065,0.031,0.1048,0.0075,0.5,0.0696,0.1818
89,C001087,437,437,437,437,437,437,437,437,79,18,35,2,287,41,123,0.1808,0.0412,0.0801,0.0046,0.6568,0.0938,0.2815
90,C001088,139,137,137,139,137,139,139,139,5,10,15,0,60,20,27,0.0365,0.073,0.1079,0.0,0.4317,0.1439,0.1942
91,C001090,393,393,393,393,393,393,393,393,2,12,69,0,132,7,50,0.0051,0.0305,0.1756,0.0,0.3359,0.0178,0.1272
92,C001091,194,194,194,194,194,194,194,194,20,7,26,6,84,6,41,0.1031,0.0361,0.134,0.0309,0.433,0.0309,0.2113
93,C001095,191,191,191,191,188,191,188,191,90,1,1,21,87,60,34,0.4712,0.0052,0.0052,0.1117,0.4555,0.3191,0.178
94,C001096,234,234,234,234,233,234,233,234,22,5,26,3,108,12,51,0.094,0.0214,0.1111,0.0129,0.4615,0.0515,0.2179
95,C001097,166,166,166,166,166,166,166,166,14,2,12,2,45,0,14,0.0843,0.012,0.0723,0.012,0.2711,0.0,0.0843
96,C001098,1309,1305,1307,1309,1305,1309,1309,1309,366,47,80,104,574,138,223,0.2805,0.036,0.0611,0.0797,0.4385,0.1054,0.1704
97,C001101,251,251,251,251,251,251,251,251,46,0,48,9,121,11,26,0.1833,0.0,0.1912,0.0359,0.4821,0.0438,0.1036
98,C001103,1667,1667,1667,1667,1667,1667,1667,1667,141,24,135,13,783,51,337,0.0846,0.0144,0.081,0.0078,0.4697,0.0306,0.2022
99,C001108,213,213,213,213,213,213,213,213,48,3,2,1,112,2,87,0.2254,0.0141,0.0094,0.0047,0.5258,0.0094,0.4085
100,C001110,344,343,343,344,343,344,344,344,6,7,7,0,97,5,23,0.0175,0.0204,0.0203,0.0,0.282,0.0145,0.0669
101,C001112,261,261,261,261,261,261,261,261,10,11,49,0,101,0,51,0.0383,0.0421,0.1877,0.0,0.387,0.0,0.1954
102,C001113,204,204,204,204,204,204,204,204,29,9,38,5,128,0,72,0.1422,0.0441,0.1863,0.0245,0.6275,0.0,0.3529
103,C001114,353,352,352,353,352,353,353,353,15,17,17,3,126,31,54,0.0426,0.0483,0.0482,0.0085,0.3569,0.0878,0.153
104,C001115,584,584,584,584,584,584,584,584,140,6,27,12,298,38,112,0.2397,0.0103,0.0462,0.0205,0.5103,0.0651,0.1918
105,C001116,1039,1039,1039,1039,1038,1039,1038,1039,429,10,102,59,554,27,264,0.4129,0.0096,0.0982,0.0568,0.5332,0.026,0.2541
106,C001117,190,190,190,190,190,190,190,190,20,1,9,4,63,2,29,0.1053,0.0053,0.0474,0.0211,0.3316,0.0105,0.1526
107,C001118,690,690,690,690,687,690,687,690,161,7,61,10,347,21,136,0.2333,0.0101,0.0884,0.0146,0.5029,0.0306,0.1971
108,C001119,445,445,445,445,445,445,445,445,5,37,37,0,164,3,75,0.0112,0.0831,0.0831,0.0,0.3685,0.0067,0.1685
109,C001120,457,457,457,457,457,457,457,457,108,15,16,20,233,55,65,0.2363,0.0328,0.035,0.0438,0.5098,0.1204,0.1422
110,C001121,277,277,277,277,277,277,277,277,9,21,57,3,110,19,55,0.0325,0.0758,0.2058,0.0108,0.3971,0.0686,0.1986
111,C001125,423,423,423,423,423,423,423,423,11,11,33,0,98,7,35,0.026,0.026,0.078,0.0,0.2317,0.0165,0.0827
112,C001126,17,17,17,17,17,17,17,17,0,3,3,0,10,0,9,0.0,0.1765,0.1765,0.0,0.5882,0.0,0.5294
113,C001127,161,161,161,161,161,161,161,161,21,5,1,3,72,27,14,0.1304,0.0311,0.0062,0.0186,0.4472,0.1677,0.087
114,C001129,168,168,168,168,168,168,168,168,41,5,22,11,97,11,61,0.244,0.0298,0.131,0.0655,0.5774,0.0655,0.3631
115,C001130,703,702,702,703,702,703,703,703,18,7,36,2,145,5,58,0.0256,0.01,0.0512,0.0028,0.2063,0.0071,0.0825
116,C001131,165,165,165,165,165,165,165,165,18,2,3,2,81,1,30,0.1091,0.0121,0.0182,0.0121,0.4909,0.0061,0.1818
117,C001132,1092,1092,1092,1092,1092,1092,1092,1092,293,26,69,68,560,149,235,0.2683,0.0238,0.0632,0.0623,0.5128,0.1364,0.2152
118,C001133,371,371,371,371,371,371,371,371,13,13,45,0,111,7,44,0.035,0.035,0.1213,0.0,0.2992,0.0189,0.1186
119,C001134,12,12,12,12,12,12,12,12,0,2,0,0,8,0,5,0.0,0.1667,0.0,0.0,0.6667,0.0,0.4167
120,C001135,222,221,221,222,221,222,222,222,4,29,19,0,94,0,61,0.0181,0.1312,0.0856,0.0,0.4234,0.0,0.2748
121,D000032,1958,1958,1958,1958,1955,1958,1955,1958,353,105,249,53,1168,178,625,0.1803,0.0536,0.1272,0.0271,0.5965,0.091,0.3192
122,D000096,119,119,119,119,119,119,119,119,3,3,7,0,61,0,23,0.0252,0.0252,0.0588,0.0,0.5126,0.0,0.1933
123,D000191,9,9,9,9,9,9,9,9,3,3,0,0,9,9,8,0.3333,0.3333,0.0,0.0,1.0,1.0,0.8889
124,D000197,237,237,237,237,237,237,237,237,30,8,19,1,137,3,51,0.1266,0.0338,0.0802,0.0042,0.5781,0.0127,0.2152
125,D000216,70,70,70,70,70,70,70,70,11,3,4,2,43,2,14,0.1571,0.0429,0.0571,0.0286,0.6143,0.0286,0.2
126,D000230,143,143,143,143,143,143,143,143,1,15,17,0,52,1,25,0.007,0.1049,0.1189,0.0,0.3636,0.007,0.1748
127,D000399,257,256,257,257,256,257,257,257,67,0,15,12,195,21,83,0.2617,0.0,0.0584,0.0469,0.7588,0.0817,0.323
128,D000482,15,14,15,15,14,15,15,15,0,0,3,0,2,0,3,0.0,0.0,0.2,0.0,0.1333,0.0,0.2
129,D000530,173,171,171,173,171,173,173,173,28,9,4,1,73,4,22,0.1637,0.0526,0.0231,0.0058,0.422,0.0231,0.1272
130,D000563,1481,1481,1481,1481,1481,1481,1481,1481,101,58,45,6,481,164,232,0.0682,0.0392,0.0304,0.0041,0.3248,0.1107,0.1567
131,D000594,338,338,338,338,338,338,338,338,8,7,22,0,146,36,86,0.0237,0.0207,0.0651,0.0,0.432,0.1065,0.2544
132,D000600,263,263,263,263,263,263,263,263,18,13,22,2,151,60,79,0.0684,0.0494,0.0837,0.0076,0.5741,0.2281,0.3004
133,D000615,971,970,970,971,970,971,971,971,180,10,108,14,584,49,338,0.1856,0.0103,0.1112,0.0144,0.6014,0.0505,0.3481
134,D000616,1,1,1,1,1,1,1,1,0,0,0,0,0,0,1,0.0,0.0,0.0,0.0,0.0,0.0,1.0
135,D000617,363,363,363,363,363,363,363,363,32,17,52,0,186,5,75,0.0882,0.0468,0.1433,0.0,0.5124,0.0138,0.2066
136,D000618,192,192,190,192,191,192,189,192,42,12,17,3,99,11,29,0.2188,0.0632,0.0885,0.0157,0.5156,0.0582,0.151
137,D000622,298,298,298,298,298,298,298,298,32,16,14,8,115,35,40,0.1074,0.0537,0.047,0.0268,0.3859,0.1174,0.1342
138,D000623,506,506,506,506,505,506,506,506,38,16,65,0,261,8,148,0.0751,0.0316,0.1285,0.0,0.5158,0.0158,0.2925
139,D000624,1086,1086,1086,1086,1086,1086,1086,1086,26,61,57,1,485,29,137,0.0239,0.0562,0.0525,0.0009,0.4466,0.0267,0.1262
140,D000626,811,811,811,811,811,811,811,811,142,19,46,13,419,142,193,0.1751,0.0234,0.0567,0.016,0.5166,0.1751,0.238
141,D000627,65,64,65,65,64,65,65,65,0,1,17,0,35,3,7,0.0,0.0154,0.2615,0.0,0.5385,0.0462,0.1077
142,D000628,994,986,989,994,986,994,994,994,53,15,55,1,340,89,198,0.0538,0.0152,0.0553,0.001,0.3421,0.0895,0.1992
143,D000629,619,619,619,619,619,619,619,619,4,97,85,0,180,1,80,0.0065,0.1567,0.1373,0.0,0.2908,0.0016,0.1292
144,D000631,327,327,327,327,327,327,327,327,19,25,24,4,126,2,51,0.0581,0.0765,0.0734,0.0122,0.3853,0.0061,0.156
145,D000632,187,187,187,187,187,187,187,187,20,16,23,0,84,7,40,0.107,0.0856,0.123,0.0,0.4492,0.0374,0.2139
146,D000633,270,270,270,270,270,270,270,270,19,46,53,1,154,2,81,0.0704,0.1704,0.1963,0.0037,0.5704,0.0074,0.3
147,E000071,298,298,298,298,298,298,298,298,2,1,30,0,85,10,69,0.0067,0.0034,0.1007,0.0,0.2852,0.0336,0.2315
148,E000215,617,617,617,617,617,617,617,617,36,24,67,0,338,29,190,0.0583,0.0389,0.1086,0.0,0.5478,0.047,0.3079
149,E000235,113,113,113,113,113,113,113,113,14,3,8,1,45,2,19,0.1239,0.0265,0.0708,0.0088,0.3982,0.0177,0.1681
150,E000246,60,60,60,60,60,60,60,60,1,0,0,0,7,0,11,0.0167,0.0,0.0,0.0,0.1167,0.0,0.1833
151,E000294,432,431,431,432,431,432,432,432,63,8,45,3,197,4,94,0.1462,0.0186,0.1042,0.007,0.456,0.0093,0.2176
152,E000295,692,692,692,692,692,692,692,692,107,19,23,17,231,45,66,0.1546,0.0275,0.0332,0.0246,0.3338,0.065,0.0954
153,E000296,235,235,235,235,234,235,234,235,2,5,34,0,79,0,25,0.0085,0.0213,0.1447,0.0,0.3362,0.0,0.1064
154,E000297,2756,2755,2755,2756,2752,2756,2752,2756,106,39,186,15,1252,115,441,0.0385,0.0142,0.0675,0.0055,0.4543,0.0418,0.16
155,E000298,120,120,120,120,120,120,120,120,16,1,7,1,48,2,18,0.1333,0.0083,0.0583,0.0083,0.4,0.0167,0.15
156,E000299,372,372,372,372,372,372,372,372,33,16,65,3,170,13,89,0.0887,0.043,0.1747,0.0081,0.457,0.0349,0.2392
157,F000062,391,388,389,391,388,391,391,391,6,25,18,0,279,3,163,0.0155,0.0643,0.046,0.0,0.7136,0.0077,0.4169
158,F000246,248,248,248,248,248,248,248,248,32,1,13,6,69,15,26,0.129,0.004,0.0524,0.0242,0.2782,0.0605,0.1048
159,F000446,749,747,749,749,746,749,748,749,105,12,127,2,504,66,193,0.1406,0.016,0.1696,0.0027,0.6729,0.0882,0.2577
160,F000450,748,748,748,748,748,748,748,748,179,14,51,10,416,33,168,0.2393,0.0187,0.0682,0.0134,0.5561,0.0441,0.2246
161,F000454,148,147,147,148,147,148,148,148,4,8,15,0,33,1,15,0.0272,0.0544,0.1014,0.0,0.223,0.0068,0.1014
162,F000459,42,42,42,42,42,42,42,42,11,1,12,0,25,0,11,0.2619,0.0238,0.2857,0.0,0.5952,0.0,0.2619
163,F000462,132,131,131,132,131,132,132,132,19,3,15,5,55,1,19,0.145,0.0229,0.1136,0.0382,0.4167,0.0076,0.1439
164,F000463,278,278,278,278,278,278,278,278,44,11,14,2,173,33,55,0.1583,0.0396,0.0504,0.0072,0.6223,0.1187,0.1978
165,F000465,583,583,583,583,583,583,583,583,88,8,56,0,325,46,143,0.1509,0.0137,0.0961,0.0,0.5575,0.0789,0.2453
166,F000466,933,933,933,933,933,933,933,933,1,78,27,0,153,14,94,0.0011,0.0836,0.0289,0.0,0.164,0.015,0.1008
167,F000468,1071,1071,1071,1071,1071,1071,1071,1071,14,65,93,0,505,67,325,0.0131,0.0607,0.0868,0.0,0.4715,0.0626,0.3035
168,F000469,124,124,124,124,124,124,124,124,12,2,8,0,85,1,46,0.0968,0.0161,0.0645,0.0,0.6855,0.0081,0.371
169,F000470,412,411,411,412,411,412,411,412,45,4,22,2,189,24,86,0.1095,0.0097,0.0534,0.0049,0.4587,0.0584,0.2087
170,F000471,453,453,453,453,453,453,453,453,27,8,55,4,225,19,150,0.0596,0.0177,0.1214,0.0088,0.4967,0.0419,0.3311
171,F000472,243,241,240,243,240,243,240,243,17,4,14,3,67,1,40,0.0705,0.0167,0.0576,0.0125,0.2757,0.0042,0.1646
172,F000473,31,31,31,31,31,31,31,31,0,0,10,0,0,0,0,0.0,0.0,0.3226,0.0,0.0,0.0,0.0
173,F000474,80,80,80,80,80,80,80,80,1,0,4,0,36,6,24,0.0125,0.0,0.05,0.0,0.45,0.075,0.3
174,F000475,10,10,10,10,10,10,10,10,0,0,1,0,0,0,1,0.0,0.0,0.1,0.0,0.0,0.0,0.1
175,F000476,16,16,16,16,16,16,16,16,2,0,0,0,8,0,4,0.125,0.0,0.0,0.0,0.5,0.0,0.25
176,F000477,43,43,43,43,43,43,43,43,3,1,1,0,20,0,3,0.0698,0.0233,0.0233,0.0,0.4651,0.0,0.0698
177,F000478,75,75,75,75,75,75,75,75,16,0,3,0,19,2,15,0.2133,0.0,0.04,0.0,0.2533,0.0267,0.2
178,G000061,634,634,634,634,634,634,634,634,58,7,83,7,209,42,88,0.0915,0.011,0.1309,0.011,0.3297,0.0662,0.1388
179,G000359,198,198,198,198,198,198,198,198,35,6,5,9,84,90,19,0.1768,0.0303,0.0253,0.0455,0.4242,0.4545,0.096
180,G000377,188,186,186,188,184,188,184,188,21,2,17,0,65,7,26,0.1129,0.0108,0.0904,0.0,0.3457,0.038,0.1383
181,G000386,886,886,886,886,886,886,886,886,146,52,62,10,395,23,208,0.1648,0.0587,0.07,0.0113,0.4458,0.026,0.2348
182,G000546,734,734,734,734,734,734,734,734,102,45,55,9,347,7,151,0.139,0.0613,0.0749,0.0123,0.4728,0.0095,0.2057
183,G000551,472,472,472,472,472,472,472,472,56,6,37,5,291,5,110,0.1186,0.0127,0.0784,0.0106,0.6165,0.0106,0.2331
184,G000552,25,25,25,25,25,25,25,25,7,0,0,1,10,0,8,0.28,0.0,0.0,0.04,0.4,0.0,0.32
185,G000553,779,778,778,779,778,779,778,779,75,14,50,51,150,7,82,0.0964,0.018,0.0642,0.0656,0.1926,0.009,0.1053
186,G000555,538,538,538,538,538,538,538,538,7,24,107,0,265,4,113,0.013,0.0446,0.1989,0.0,0.4926,0.0074,0.21
187,G000558,266,266,266,266,266,266,266,266,20,5,56,0,175,10,106,0.0752,0.0188,0.2105,0.0,0.6579,0.0376,0.3985
188,G000559,586,586,586,586,586,586,586,586,31,32,88,2,337,26,179,0.0529,0.0546,0.1502,0.0034,0.5751,0.0444,0.3055
189,G000565,3374,3373,3373,3374,3373,3374,3374,3374,1259,42,162,522,1468,439,511,0.3733,0.0125,0.048,0.1548,0.4351,0.1301,0.1515
190,G000568,1956,1926,1929,1956,1926,1956,1956,1956,300,29,104,9,953,28,390,0.1558,0.015,0.0532,0.0047,0.4872,0.0143,0.1994
191,G000574,194,194,194,194,194,194,194,194,20,10,19,1,111,7,64,0.1031,0.0515,0.0979,0.0052,0.5722,0.0361,0.3299
192,G000576,1692,1692,1692,1692,1692,1692,1692,1692,244,24,39,93,693,49,147,0.1442,0.0142,0.023,0.055,0.4096,0.029,0.0869
193,G000577,541,539,539,541,539,541,541,541,21,31,85,0,236,2,142,0.039,0.0575,0.1571,0.0,0.4362,0.0037,0.2625
194,G000578,1433,1432,1432,1433,1432,1433,1432,1433,411,13,73,113,626,253,265,0.287,0.0091,0.0509,0.0789,0.4368,0.1767,0.1849
195,G000579,327,327,327,327,327,327,327,327,8,6,16,0,37,22,14,0.0245,0.0183,0.0489,0.0,0.1131,0.0673,0.0428
196,G000581,635,602,608,635,602,635,635,635,25,38,136,3,362,27,164,0.0415,0.0625,0.2142,0.005,0.5701,0.0425,0.2583
197,G000582,420,420,420,420,420,420,420,420,1,13,63,1,273,15,143,0.0024,0.031,0.15,0.0024,0.65,0.0357,0.3405
198,G000583,373,371,372,373,369,373,371,373,7,65,140,3,222,12,60,0.0189,0.1747,0.3753,0.0081,0.5952,0.0323,0.1609
199,G000585,292,292,292,292,292,292,292,292,17,1,5,10,67,0,23,0.0582,0.0034,0.0171,0.0342,0.2295,0.0,0.0788
200,G000586,203,203,203,203,203,203,203,203,13,6,9,2,61,0,30,0.064,0.0296,0.0443,0.0099,0.3005,0.0,0.1478
201,G000587,172,172,172,172,172,172,172,172,28,2,13,4,76,0,17,0.1628,0.0116,0.0756,0.0233,0.4419,0.0,0.0988
202,G000589,326,326,326,326,326,326,326,326,123,2,8,18,178,36,50,0.3773,0.0061,0.0245,0.0552,0.546,0.1104,0.1534
203,G000590,417,416,416,417,416,417,417,417,91,10,28,16,213,62,106,0.2188,0.024,0.0671,0.0385,0.5108,0.1487,0.2542
204,G000591,336,336,336,336,336,336,336,336,53,7,37,2,184,19,106,0.1577,0.0208,0.1101,0.006,0.5476,0.0565,0.3155
205,G000592,71,71,71,71,71,71,71,71,0,6,2,0,23,1,9,0.0,0.0845,0.0282,0.0,0.3239,0.0141,0.1268
206,G000593,843,843,843,843,843,843,843,843,197,42,89,33,448,285,154,0.2337,0.0498,0.1056,0.0391,0.5314,0.3381,0.1827
207,G000594,460,460,460,460,460,460,460,460,20,30,63,0,233,46,76,0.0435,0.0652,0.137,0.0,0.5065,0.1,0.1652
208,G000595,1158,1156,1156,1158,1154,1158,1154,1158,266,9,72,34,584,24,216,0.2301,0.0078,0.0622,0.0295,0.5043,0.0208,0.1865
209,G000596,705,705,705,705,705,705,705,705,304,2,22,108,221,59,94,0.4312,0.0028,0.0312,0.1532,0.3135,0.0837,0.1333
210,G000597,533,533,533,533,533,533,533,533,50,21,79,2,257,34,128,0.0938,0.0394,0.1482,0.0038,0.4822,0.0638,0.2402
211,G000598,145,144,144,145,144,145,145,145,17,3,17,3,66,4,23,0.1181,0.0208,0.1172,0.0208,0.4552,0.0276,0.1586
212,G000599,967,967,967,967,967,967,967,967,58,13,64,7,511,17,193,0.06,0.0134,0.0662,0.0072,0.5284,0.0176,0.1996
213,G000600,191,191,191,191,191,191,191,191,3,17,19,0,34,0,15,0.0157,0.089,0.0995,0.0,0.178,0.0,0.0785
214,H000273,145,145,145,145,145,145,145,145,10,22,25,0,57,1,28,0.069,0.1517,0.1724,0.0,0.3931,0.0069,0.1931
215,H000601,377,377,377,377,376,377,376,377,141,15,30,23,255,60,101,0.374,0.0398,0.0796,0.0612,0.6764,0.1596,0.2679
216,H000874,490,490,490,490,490,490,490,490,18,65,76,2,200,33,141,0.0367,0.1327,0.1551,0.0041,0.4082,0.0673,0.2878
217,H001038,797,797,797,797,796,797,796,797,23,72,187,0,395,42,194,0.0289,0.0903,0.2346,0.0,0.4956,0.0528,0.2434
218,H001042,406,406,406,406,406,406,406,406,17,25,20,3,240,2,72,0.0419,0.0616,0.0493,0.0074,0.5911,0.0049,0.1773
219,H001046,629,629,629,629,629,629,629,629,14,19,109,0,306,2,118,0.0223,0.0302,0.1733,0.0,0.4865,0.0032,0.1876
220,H001047,356,356,356,356,356,356,356,356,14,17,38,2,116,25,45,0.0393,0.0478,0.1067,0.0056,0.3258,0.0702,0.1264
221,H001052,169,169,169,169,168,169,168,169,33,5,16,1,96,7,38,0.1953,0.0296,0.0947,0.006,0.568,0.0417,0.2249
222,H001053,43,43,43,43,43,43,43,43,0,0,4,0,5,3,4,0.0,0.0,0.093,0.0,0.1163,0.0698,0.093
223,H001058,755,755,755,755,755,755,755,755,68,93,92,3,449,58,207,0.0901,0.1232,0.1219,0.004,0.5947,0.0768,0.2742
224,H001061,137,137,137,137,137,137,137,137,13,1,20,0,94,8,19,0.0949,0.0073,0.146,0.0,0.6861,0.0584,0.1387
225,H001066,385,385,385,385,385,385,385,385,33,23,40,8,191,11,46,0.0857,0.0597,0.1039,0.0208,0.4961,0.0286,0.1195
226,H001067,357,357,357,357,357,357,357,357,56,15,39,2,167,8,65,0.1569,0.042,0.1092,0.0056,0.4678,0.0224,0.1821
227,H001068,372,372,372,372,372,372,372,372,23,8,52,3,139,2,63,0.0618,0.0215,0.1398,0.0081,0.3737,0.0054,0.1694
228,H001072,890,890,890,890,890,890,890,890,29,10,55,2,246,109,102,0.0326,0.0112,0.0618,0.0022,0.2764,0.1225,0.1146
229,H001076,399,399,399,399,399,399,399,399,17,70,89,1,210,7,120,0.0426,0.1754,0.2231,0.0025,0.5263,0.0175,0.3008
230,H001077,38,38,38,38,38,38,38,38,9,0,2,4,12,0,4,0.2368,0.0,0.0526,0.1053,0.3158,0.0,0.1053
231,H001079,238,235,236,238,235,238,238,238,43,10,7,2,144,7,56,0.183,0.0424,0.0294,0.0085,0.605,0.0294,0.2353
232,H001081,670,670,670,670,670,670,670,670,14,21,95,1,368,28,209,0.0209,0.0313,0.1418,0.0015,0.5493,0.0418,0.3119
233,H001082,81,81,81,81,81,81,81,81,19,1,12,6,43,3,23,0.2346,0.0123,0.1481,0.0741,0.5309,0.037,0.284
234,H001085,426,426,426,426,426,426,426,426,11,37,45,3,132,30,65,0.0258,0.0869,0.1056,0.007,0.3099,0.0704,0.1526
235,H001086,335,335,335,335,335,335,335,335,46,4,22,8,105,6,51,0.1373,0.0119,0.0657,0.0239,0.3134,0.0179,0.1522
236,H001089,152,152,152,152,152,152,152,152,65,3,8,5,78,20,32,0.4276,0.0197,0.0526,0.0329,0.5132,0.1316,0.2105
237,H001090,120,120,120,120,120,120,120,120,13,2,13,1,38,0,14,0.1083,0.0167,0.1083,0.0083,0.3167,0.0,0.1167
238,H001091,735,735,735,735,735,735,735,735,77,54,73,7,399,60,144,0.1048,0.0735,0.0993,0.0095,0.5429,0.0816,0.1959
239,H001093,65,65,65,65,65,65,65,65,3,0,4,0,33,0,20,0.0462,0.0,0.0615,0.0,0.5077,0.0,0.3077
240,H001094,33,33,33,33,33,33,33,33,1,4,3,0,23,8,9,0.0303,0.1212,0.0909,0.0,0.697,0.2424,0.2727
241,H001095,236,236,236,236,236,236,236,236,46,6,25,11,103,12,48,0.1949,0.0254,0.1059,0.0466,0.4364,0.0508,0.2034
242,H001096,902,902,902,902,902,902,902,902,141,10,57,19,438,28,272,0.1563,0.0111,0.0632,0.0211,0.4856,0.031,0.3016
243,I000056,149,149,149,149,149,149,149,149,26,3,6,5,45,13,23,0.1745,0.0201,0.0403,0.0336,0.302,0.0872,0.1544
244,I000058,17,17,17,17,17,17,17,17,0,0,3,0,11,0,2,0.0,0.0,0.1765,0.0,0.6471,0.0,0.1176
245,J000032,1418,1418,1418,1418,1417,1418,1417,1418,130,48,44,8,898,46,463,0.0917,0.0339,0.031,0.0056,0.6333,0.0325,0.3265
246,J000288,484,483,484,484,483,484,484,484,29,23,31,5,192,7,83,0.06,0.0475,0.064,0.0104,0.3967,0.0145,0.1715
247,J000289,110,101,100,110,72,110,72,110,27,0,4,6,21,1,4,0.2673,0.0,0.0364,0.0833,0.1909,0.0139,0.0364
248,J000292,613,613,613,613,612,613,612,613,79,41,64,3,308,46,172,0.1289,0.0669,0.1044,0.0049,0.5024,0.0752,0.2806
249,J000293,203,202,203,203,202,203,203,203,51,7,7,12,83,13,32,0.2525,0.0345,0.0345,0.0594,0.4089,0.064,0.1576
250,J000294,371,369,370,371,369,371,371,371,80,16,38,22,149,10,63,0.2168,0.0432,0.1024,0.0596,0.4016,0.027,0.1698
251,J000295,627,625,626,627,625,627,627,627,29,60,90,2,385,43,211,0.0464,0.0958,0.1435,0.0032,0.614,0.0686,0.3365
252,J000298,765,765,765,765,765,765,765,765,113,26,40,14,572,36,275,0.1477,0.034,0.0523,0.0183,0.7477,0.0471,0.3595
253,J000299,368,368,368,368,368,368,368,368,74,6,26,12,123,6,50,0.2011,0.0163,0.0707,0.0326,0.3342,0.0163,0.1359
254,J000301,434,434,434,434,434,434,434,434,31,8,40,1,190,54,90,0.0714,0.0184,0.0922,0.0023,0.4378,0.1244,0.2074
255,J000302,841,841,841,841,841,841,841,841,83,10,58,0,362,20,145,0.0987,0.0119,0.069,0.0,0.4304,0.0238,0.1724
256,J000304,300,300,300,300,300,300,300,300,70,0,21,17,133,20,75,0.2333,0.0,0.07,0.0567,0.4433,0.0667,0.25
257,J000305,246,245,245,246,245,246,246,246,12,7,14,1,132,21,50,0.049,0.0286,0.0569,0.0041,0.5366,0.0854,0.2033
258,J000306,19,19,19,19,19,19,19,19,0,0,15,0,13,0,10,0.0,0.0,0.7895,0.0,0.6842,0.0,0.5263
259,J000307,365,365,365,365,365,365,365,365,22,11,43,0,154,50,77,0.0603,0.0301,0.1178,0.0,0.4219,0.137,0.211
260,J000308,28,28,28,28,28,28,28,28,8,1,0,1,4,2,0,0.2857,0.0357,0.0,0.0357,0.1429,0.0714,0.0
261,J000309,401,401,401,401,401,401,401,401,29,1,6,6,67,3,11,0.0723,0.0025,0.015,0.015,0.1671,0.0075,0.0274
262,K000009,298,298,298,298,298,298,298,298,21,8,16,2,80,21,32,0.0705,0.0268,0.0537,0.0067,0.2685,0.0705,0.1074
263,K000188,22,22,22,22,22,22,22,22,0,11,1,0,22,13,10,0.0,0.5,0.0455,0.0,1.0,0.5909,0.4545
264,K000367,381,381,381,381,381,381,381,381,13,29,6,1,141,95,93,0.0341,0.0761,0.0157,0.0026,0.3701,0.2493,0.2441
265,K000368,14,13,13,14,13,14,14,14,0,0,4,0,7,0,3,0.0,0.0,0.2857,0.0,0.5,0.0,0.2143
266,K000375,105,104,104,105,104,105,104,105,2,4,4,0,24,18,7,0.0192,0.0385,0.0381,0.0,0.2286,0.1731,0.0667
267,K000376,711,711,711,711,711,711,711,711,32,16,100,4,284,21,130,0.045,0.0225,0.1406,0.0056,0.3994,0.0295,0.1828
268,K000377,92,92,92,92,92,92,92,92,9,1,8,2,33,4,16,0.0978,0.0109,0.087,0.0217,0.3587,0.0435,0.1739
269,K000380,653,653,653,653,653,653,653,653,47,99,185,0,489,96,224,0.072,0.1516,0.2833,0.0,0.7489,0.147,0.343
270,K000381,632,632,632,632,632,632,632,632,15,60,108,0,307,8,99,0.0237,0.0949,0.1709,0.0,0.4858,0.0127,0.1566
271,K000382,824,824,824,824,824,824,824,824,20,98,147,0,450,16,145,0.0243,0.1189,0.1784,0.0,0.5461,0.0194,0.176
272,K000383,642,642,642,642,642,642,642,642,10,103,109,0,382,44,187,0.0156,0.1604,0.1698,0.0,0.595,0.0685,0.2913
273,K000384,1106,1102,1104,1106,1102,1106,1106,1106,26,73,60,7,394,82,214,0.0236,0.0661,0.0542,0.0064,0.3562,0.0741,0.1935
274,K000385,218,218,218,218,218,218,218,218,12,20,45,1,87,0,54,0.055,0.0917,0.2064,0.0046,0.3991,0.0,0.2477
275,K000386,44,44,44,44,44,44,44,44,0,11,22,0,24,3,10,0.0,0.25,0.5,0.0,0.5455,0.0682,0.2273
276,K000388,278,278,278,278,278,278,278,278,2,0,15,0,69,19,35,0.0072,0.0,0.054,0.0,0.2482,0.0683,0.1259
277,K000389,1472,1467,1467,1472,1467,1472,1472,1472,130,82,110,9,779,235,248,0.0886,0.0559,0.0747,0.0061,0.5292,0.1596,0.1685
278,K000391,1721,1719,1720,1721,1719,1721,1721,1721,114,111,160,9,785,187,311,0.0663,0.0645,0.093,0.0052,0.4561,0.1087,0.1807
279,K000392,567,564,564,567,564,567,567,567,27,14,27,1,145,27,79,0.0479,0.0248,0.0476,0.0018,0.2557,0.0476,0.1393
280,K000393,346,346,346,346,346,346,346,346,58,4,7,16,122,59,29,0.1676,0.0116,0.0202,0.0462,0.3526,0.1705,0.0838
281,K000394,1223,1223,1223,1223,1223,1223,1223,1223,2,36,105,1,322,32,115,0.0016,0.0294,0.0859,0.0008,0.2633,0.0262,0.094
282,K000396,30,30,30,30,30,30,30,30,0,0,5,0,10,0,5,0.0,0.0,0.1667,0.0,0.3333,0.0,0.1667
283,K000397,184,184,184,184,184,184,184,184,13,17,17,0,75,31,27,0.0707,0.0924,0.0924,0.0,0.4076,0.1685,0.1467
284,K000398,355,354,354,355,354,355,355,355,3,16,23,0,96,32,46,0.0085,0.0452,0.0648,0.0,0.2704,0.0901,0.1296
285,K000399,770,770,770,770,770,770,770,770,24,34,71,1,253,62,146,0.0312,0.0442,0.0922,0.0013,0.3286,0.0805,0.1896
286,K000400,1197,1194,1194,1197,1194,1197,1197,1197,156,50,63,48,590,141,249,0.1307,0.0419,0.0526,0.0402,0.4929,0.1178,0.208
287,K000401,531,531,531,531,531,531,531,531,76,9,42,11,195,7,73,0.1431,0.0169,0.0791,0.0207,0.3672,0.0132,0.1375
288,L000266,478,478,478,478,478,478,478,478,106,7,61,5,225,34,93,0.2218,0.0146,0.1276,0.0105,0.4707,0.0711,0.1946
289,L000273,281,281,281,281,281,281,281,281,25,6,37,3,135,1,71,0.089,0.0214,0.1317,0.0107,0.4804,0.0036,0.2527
290,L000397,213,207,207,213,207,213,213,213,4,22,36,2,145,11,69,0.0193,0.1063,0.169,0.0097,0.6808,0.0516,0.3239
291,L000491,55,54,54,55,54,55,55,55,4,5,10,0,32,5,27,0.0741,0.0926,0.1818,0.0,0.5818,0.0909,0.4909
292,L000551,179,179,179,179,179,179,179,179,31,4,10,6,91,4,37,0.1732,0.0223,0.0559,0.0335,0.5084,0.0223,0.2067
293,L000557,238,237,237,238,237,238,237,238,16,13,65,0,150,1,53,0.0675,0.0549,0.2731,0.0,0.6303,0.0042,0.2227
294,L000560,334,333,333,334,333,334,334,334,4,27,16,1,183,15,86,0.012,0.0811,0.0479,0.003,0.5479,0.0449,0.2575
295,L000562,13,13,13,13,13,13,13,13,0,0,0,0,2,0,0,0.0,0.0,0.0,0.0,0.1538,0.0,0.0
296,L000564,617,616,615,617,613,617,613,617,81,26,70,25,367,175,186,0.1315,0.0423,0.1135,0.0408,0.5948,0.2855,0.3015
297,L000566,606,595,597,606,595,606,606,606,44,40,119,1,406,55,262,0.0739,0.067,0.1964,0.0017,0.67,0.0908,0.4323
298,L000569,1267,1267,1267,1267,1267,1267,1267,1267,166,29,94,11,667,166,269,0.131,0.0229,0.0742,0.0087,0.5264,0.131,0.2123
299,L000570,600,599,599,600,599,600,599,600,13,50,120,0,299,3,123,0.0217,0.0835,0.2,0.0,0.4983,0.005,0.205
300,L000571,605,604,604,605,603,605,604,605,66,19,42,4,318,23,148,0.1093,0.0315,0.0694,0.0066,0.5256,0.0381,0.2446
301,L000575,1209,1206,1206,1209,1206,1209,1209,1209,152,32,68,8,665,103,179,0.126,0.0265,0.0562,0.0066,0.55,0.0852,0.1481
302,L000576,117,117,117,117,117,117,117,117,7,6,6,4,27,0,12,0.0598,0.0513,0.0513,0.0342,0.2308,0.0,0.1026
303,L000577,759,758,758,759,758,759,758,759,134,10,13,29,333,45,141,0.1768,0.0132,0.0171,0.0383,0.4387,0.0594,0.1858
304,L000578,949,934,939,949,933,949,948,949,159,21,38,25,468,45,168,0.1702,0.0224,0.04,0.0268,0.4932,0.0475,0.177
305,L000581,43,42,42,43,42,43,43,43,0,4,14,0,21,0,10,0.0,0.0952,0.3256,0.0,0.4884,0.0,0.2326
306,L000582,1075,1070,1070,1075,1070,1075,1075,1075,100,28,167,16,446,46,146,0.0935,0.0262,0.1553,0.015,0.4149,0.0428,0.1358
307,L000583,240,240,239,240,239,240,239,240,33,2,14,3,92,9,58,0.1375,0.0084,0.0583,0.0126,0.3833,0.0377,0.2417
308,L000585,288,288,288,288,288,288,288,288,16,18,29,0,119,22,51,0.0556,0.0625,0.1007,0.0,0.4132,0.0764,0.1771
309,L000589,1046,1045,1046,1046,1045,1046,1046,1046,184,9,117,15,542,31,240,0.1761,0.0086,0.1119,0.0144,0.5182,0.0296,0.2294
310,L000590,229,228,229,229,228,229,229,229,9,34,23,0,112,3,44,0.0395,0.1485,0.1004,0.0,0.4891,0.0131,0.1921
311,L000591,3,3,3,3,3,3,3,3,0,1,1,0,1,0,0,0.0,0.3333,0.3333,0.0,0.3333,0.0,0.0
312,L000593,220,219,219,220,219,220,220,220,9,14,29,0,113,7,57,0.0411,0.0639,0.1318,0.0,0.5136,0.0318,0.2591
313,L000595,173,173,173,173,173,173,173,173,4,3,24,0,62,12,34,0.0231,0.0173,0.1387,0.0,0.3584,0.0694,0.1965
314,L000596,464,464,464,464,464,464,464,464,131,5,27,35,165,28,59,0.2823,0.0108,0.0582,0.0754,0.3556,0.0603,0.1272
315,L000597,187,187,187,187,187,187,187,187,4,3,8,0,52,8,24,0.0214,0.016,0.0428,0.0,0.2781,0.0428,0.1283
316,L000598,321,321,321,321,321,321,321,321,28,39,37,2,170,36,102,0.0872,0.1215,0.1153,0.0062,0.5296,0.1121,0.3178
317,L000599,1294,1294,1294,1294,1294,1294,1294,1294,51,121,161,6,571,220,281,0.0394,0.0935,0.1244,0.0046,0.4413,0.17,0.2172
318,L000600,925,922,922,925,922,925,925,925,142,17,89,12,458,44,212,0.154,0.0184,0.0962,0.013,0.4951,0.0476,0.2292
319,L000601,345,345,345,345,345,345,345,345,11,33,18,3,101,15,65,0.0319,0.0957,0.0522,0.0087,0.2928,0.0435,0.1884
320,L000602,74,74,74,74,74,74,74,74,13,0,3,3,25,0,6,0.1757,0.0,0.0405,0.0405,0.3378,0.0,0.0811
321,L000603,43,43,43,43,43,43,43,43,1,0,0,0,14,3,3,0.0233,0.0,0.0,0.0,0.3256,0.0698,0.0698
322,M000087,72,71,71,72,71,72,72,72,3,5,18,0,62,1,45,0.0423,0.0704,0.25,0.0,0.8611,0.0139,0.625
323,M000133,349,343,344,349,341,349,346,349,19,25,53,2,191,6,62,0.0554,0.0727,0.1519,0.0059,0.5473,0.0173,0.1777
324,M000194,687,687,687,687,687,687,687,687,44,19,30,14,148,25,68,0.064,0.0277,0.0437,0.0204,0.2154,0.0364,0.099
325,M000312,1217,1217,1217,1217,1217,1217,1217,1217,336,35,42,134,546,56,146,0.2761,0.0288,0.0345,0.1101,0.4486,0.046,0.12
326,M000317,188,188,188,188,188,188,188,188,54,2,36,7,107,7,31,0.2872,0.0106,0.1915,0.0372,0.5691,0.0372,0.1649
327,M000355,521,521,521,521,521,521,521,521,147,13,19,31,244,136,55,0.2821,0.025,0.0365,0.0595,0.4683,0.261,0.1056
328,M000639,551,551,551,551,551,551,551,551,44,17,35,0,291,230,157,0.0799,0.0309,0.0635,0.0,0.5281,0.4174,0.2849
329,M000687,92,92,92,92,92,92,92,92,6,3,12,1,47,0,21,0.0652,0.0326,0.1304,0.0109,0.5109,0.0,0.2283
330,M000871,1378,1378,1378,1378,1378,1378,1378,1378,77,14,67,1,568,36,292,0.0559,0.0102,0.0486,0.0007,0.4122,0.0261,0.2119
331,M000934,2095,2095,2095,2095,2095,2095,2095,2095,57,76,154,0,886,190,365,0.0272,0.0363,0.0735,0.0,0.4229,0.0907,0.1742
332,M001111,565,565,565,565,565,565,565,565,117,18,24,29,268,8,88,0.2071,0.0319,0.0425,0.0513,0.4743,0.0142,0.1558
333,M001135,263,263,263,263,263,263,263,263,14,23,67,0,160,14,77,0.0532,0.0875,0.2548,0.0,0.6084,0.0532,0.2928
334,M001136,688,688,688,688,688,688,688,688,156,5,50,34,286,47,87,0.2267,0.0073,0.0727,0.0494,0.4157,0.0683,0.1265
335,M001137,258,258,258,258,258,258,258,258,36,20,13,3,121,100,55,0.1395,0.0775,0.0504,0.0116,0.469,0.3876,0.2132
336,M001143,772,765,767,772,765,772,772,772,95,33,81,8,416,73,192,0.1242,0.043,0.1049,0.0105,0.5389,0.0946,0.2487
337,M001153,269,269,269,269,269,269,269,269,3,4,13,0,49,12,16,0.0112,0.0149,0.0483,0.0,0.1822,0.0446,0.0595
338,M001156,823,823,823,823,823,823,823,823,96,33,103,5,405,42,172,0.1166,0.0401,0.1252,0.0061,0.4921,0.051,0.209
339,M001157,355,355,355,355,355,355,355,355,64,10,15,6,121,132,56,0.1803,0.0282,0.0423,0.0169,0.3408,0.3718,0.1577
340,M001159,1131,1130,1130,1131,1130,1131,1131,1131,117,55,158,6,558,35,222,0.1035,0.0487,0.1397,0.0053,0.4934,0.0309,0.1963
341,M001160,308,308,308,308,308,308,308,308,29,5,72,6,197,0,90,0.0942,0.0162,0.2338,0.0195,0.6396,0.0,0.2922
342,M001163,54,54,54,54,54,54,54,54,1,0,4,0,11,1,3,0.0185,0.0,0.0741,0.0,0.2037,0.0185,0.0556
343,M001165,1470,1469,1469,1469,1468,1470,1469,1470,308,60,175,30,635,158,226,0.2097,0.0408,0.1191,0.0204,0.432,0.1076,0.1537
344,M001166,15,15,15,15,15,15,15,15,0,0,4,0,5,0,3,0.0,0.0,0.2667,0.0,0.3333,0.0,0.2
345,M001169,213,213,213,213,213,213,213,213,12,19,2,1,85,3,17,0.0563,0.0892,0.0094,0.0047,0.3991,0.0141,0.0798
346,M001176,416,414,414,416,413,416,413,416,38,32,56,3,226,4,125,0.0918,0.0773,0.1346,0.0073,0.5433,0.0097,0.3005
347,M001177,539,538,539,539,538,539,539,539,113,12,26,12,290,20,137,0.21,0.0223,0.0482,0.0223,0.538,0.0371,0.2542
348,M001183,1019,1019,1019,1019,1018,1019,1018,1019,22,61,128,5,398,16,90,0.0216,0.0599,0.1256,0.0049,0.3906,0.0157,0.0883
349,M001184,613,613,613,613,613,613,613,613,63,10,23,8,333,3,202,0.1028,0.0163,0.0375,0.0131,0.5432,0.0049,0.3295
350,M001185,6,6,6,6,6,6,6,6,0,1,3,0,5,0,5,0.0,0.1667,0.5,0.0,0.8333,0.0,0.8333
351,M001188,430,428,429,430,428,430,430,430,14,26,64,2,250,22,79,0.0327,0.0606,0.1488,0.0047,0.5814,0.0512,0.1837
352,M001190,413,413,413,413,413,413,413,413,45,13,23,6,132,26,51,0.109,0.0315,0.0557,0.0145,0.3196,0.063,0.1235
353,M001194,429,429,429,429,429,429,429,429,76,5,36,2,177,68,67,0.1772,0.0117,0.0839,0.0047,0.4126,0.1585,0.1562
354,M001195,417,417,417,417,417,417,417,417,72,10,42,15,212,12,117,0.1727,0.024,0.1007,0.036,0.5084,0.0288,0.2806
355,M001196,231,231,231,231,231,231,231,231,14,10,18,1,105,29,42,0.0606,0.0433,0.0779,0.0043,0.4545,0.1255,0.1818
356,M001198,656,656,656,656,656,656,656,656,103,20,33,17,350,14,153,0.157,0.0305,0.0503,0.0259,0.5335,0.0213,0.2332
357,M001199,1021,1021,1021,1021,1021,1021,1021,1021,205,23,53,36,405,128,139,0.2008,0.0225,0.0519,0.0353,0.3967,0.1254,0.1361
358,M001200,5,5,5,5,5,5,5,5,1,0,0,0,5,0,4,0.2,0.0,0.0,0.0,1.0,0.0,0.8
359,M001203,16,16,16,16,16,16,16,16,0,0,11,0,9,1,8,0.0,0.0,0.6875,0.0,0.5625,0.0625,0.5
360,M001204,200,200,200,200,200,200,200,200,30,6,35,4,125,12,62,0.15,0.03,0.175,0.02,0.625,0.06,0.31
361,M001205,482,482,482,482,482,482,482,482,51,13,98,5,328,69,179,0.1058,0.027,0.2033,0.0104,0.6805,0.1432,0.3714
362,M001206,541,541,541,541,541,541,541,541,18,16,82,2,200,13,86,0.0333,0.0296,0.1516,0.0037,0.3697,0.024,0.159
363,M001208,343,343,343,343,343,343,343,343,4,13,41,0,105,2,54,0.0117,0.0379,0.1195,0.0,0.3061,0.0058,0.1574
364,M001210,481,480,480,481,480,481,481,481,65,4,41,13,201,24,88,0.1354,0.0083,0.0852,0.0271,0.4179,0.0499,0.183
365,M001211,316,315,315,316,315,316,315,316,132,0,24,35,197,9,76,0.419,0.0,0.0759,0.1111,0.6234,0.0286,0.2405
366,M001212,244,244,244,244,244,244,244,244,31,1,24,5,138,9,60,0.127,0.0041,0.0984,0.0205,0.5656,0.0369,0.2459
367,M001213,1260,1260,1260,1260,1260,1260,1260,1260,16,50,101,4,451,44,252,0.0127,0.0397,0.0802,0.0032,0.3579,0.0349,0.2
368,M001214,50,49,49,50,49,50,50,50,0,3,7,0,24,2,12,0.0,0.0612,0.14,0.0,0.48,0.04,0.24
369,M001215,996,996,996,996,996,996,996,996,105,22,80,5,544,65,274,0.1054,0.0221,0.0803,0.005,0.5462,0.0653,0.2751
370,M001216,363,363,363,363,363,363,363,363,27,3,40,4,128,64,77,0.0744,0.0083,0.1102,0.011,0.3526,0.1763,0.2121
371,M001217,25,25,25,25,25,25,25,25,1,0,0,0,5,0,1,0.04,0.0,0.0,0.0,0.2,0.0,0.04
372,M001218,407,407,407,407,407,407,407,407,61,12,26,7,185,73,59,0.1499,0.0295,0.0639,0.0172,0.4545,0.1794,0.145
373,M001219,49,49,49,49,49,49,49,49,0,0,1,0,10,2,2,0.0,0.0,0.0204,0.0,0.2041,0.0408,0.0408
374,M001220,226,226,226,226,226,226,226,226,16,1,4,4,27,0,15,0.0708,0.0044,0.0177,0.0177,0.1195,0.0,0.0664
375,M001221,424,424,424,424,424,424,424,424,26,32,52,1,183,5,91,0.0613,0.0755,0.1226,0.0024,0.4316,0.0118,0.2146
376,M001222,22,22,22,22,22,22,22,22,0,1,0,0,1,2,0,0.0,0.0455,0.0,0.0,0.0455,0.0909,0.0
377,M001223,151,151,151,151,151,151,151,151,7,2,21,0,60,3,27,0.0464,0.0132,0.1391,0.0,0.3974,0.0199,0.1788
378,M001224,506,505,505,506,505,506,506,506,40,9,38,4,212,52,115,0.0792,0.0178,0.0751,0.0079,0.419,0.1028,0.2273
379,M001225,83,83,83,83,83,83,83,83,2,2,6,2,28,0,13,0.0241,0.0241,0.0723,0.0241,0.3373,0.0,0.1566
380,M001226,109,109,109,109,109,109,109,109,0,9,9,0,53,8,27,0.0,0.0826,0.0826,0.0,0.4862,0.0734,0.2477
381,M001227,75,75,75,75,75,75,75,75,6,1,2,0,11,0,6,0.08,0.0133,0.0267,0.0,0.1467,0.0,0.08
382,N000002,587,587,587,587,587,587,587,587,65,14,36,5,317,6,165,0.1107,0.0239,0.0613,0.0085,0.54,0.0102,0.2811
383,N000015,82,82,82,82,82,82,82,82,8,6,10,0,26,1,10,0.0976,0.0732,0.122,0.0,0.3171,0.0122,0.122
384,N000026,657,657,657,657,656,657,656,657,93,9,29,20,241,19,107,0.1416,0.0137,0.0441,0.0305,0.3668,0.029,0.1629
385,N000147,625,624,625,625,624,625,625,625,32,10,45,4,454,15,326,0.0513,0.016,0.072,0.0064,0.7264,0.024,0.5216
386,N000179,94,89,90,94,89,94,94,94,1,10,17,0,51,1,35,0.0112,0.1111,0.1809,0.0,0.5426,0.0106,0.3723
387,N000188,453,453,453,453,453,453,453,453,15,28,115,1,204,14,100,0.0331,0.0618,0.2539,0.0022,0.4503,0.0309,0.2208
388,N000189,1094,1094,1094,1094,1094,1094,1094,1094,159,14,81,2,596,100,177,0.1453,0.0128,0.074,0.0018,0.5448,0.0914,0.1618
389,N000190,431,431,431,431,430,431,430,431,65,5,10,18,162,16,82,0.1508,0.0116,0.0232,0.0419,0.3759,0.0372,0.1903
390,N000191,449,449,449,449,449,449,449,449,23,54,92,0,219,0,127,0.0512,0.1203,0.2049,0.0,0.4878,0.0,0.2829
391,N000193,71,71,71,71,71,71,71,71,0,2,4,0,17,8,12,0.0,0.0282,0.0563,0.0,0.2394,0.1127,0.169
392,N000194,619,619,619,619,619,619,619,619,15,51,40,0,197,24,68,0.0242,0.0824,0.0646,0.0,0.3183,0.0388,0.1099
393,None,114,114,114,114,114,114,114,114,1,10,5,1,11,11,5,0.0088,0.0877,0.0439,0.0088,0.0965,0.0965,0.0439
394,O000019,485,485,485,485,485,485,485,485,20,12,57,0,204,11,105,0.0412,0.0247,0.1175,0.0,0.4206,0.0227,0.2165
395,O000086,516,516,516,516,516,516,516,516,57,12,68,6,292,44,181,0.1105,0.0233,0.1318,0.0116,0.5659,0.0853,0.3508
396,O000171,8,8,8,8,8,8,8,8,0,0,0,0,1,0,0,0.0,0.0,0.0,0.0,0.125,0.0,0.0
397,O000172,161,161,161,161,161,161,161,161,8,0,5,1,41,1,20,0.0497,0.0,0.0311,0.0062,0.2547,0.0062,0.1242
398,O000173,267,266,266,267,266,267,266,267,19,4,37,2,119,19,46,0.0714,0.015,0.1386,0.0075,0.4457,0.0714,0.1723
399,O000174,53,53,53,53,53,53,53,53,0,5,8,0,13,1,8,0.0,0.0943,0.1509,0.0,0.2453,0.0189,0.1509
400,O000175,446,446,446,446,446,446,446,446,80,2,14,23,157,31,81,0.1794,0.0045,0.0314,0.0516,0.352,0.0695,0.1816
401,P000034,980,980,980,980,980,980,980,980,138,77,191,6,679,36,370,0.1408,0.0786,0.1949,0.0061,0.6929,0.0367,0.3776
402,P000048,877,877,877,877,877,877,877,877,160,11,78,13,413,79,163,0.1824,0.0125,0.0889,0.0148,0.4709,0.0901,0.1859
403,P000096,202,202,202,201,202,202,202,202,84,1,16,50,83,2,30,0.4158,0.005,0.0796,0.2475,0.4109,0.0099,0.1485
404,P000145,649,647,647,649,647,649,649,649,29,42,47,6,405,12,286,0.0448,0.0649,0.0724,0.0093,0.624,0.0185,0.4407
405,P000197,2172,2172,2172,2172,2172,2172,2172,2172,94,117,255,61,722,168,345,0.0433,0.0539,0.1174,0.0281,0.3324,0.0773,0.1588
406,P000523,34,34,34,34,34,34,34,34,0,0,6,0,25,2,17,0.0,0.0,0.1765,0.0,0.7353,0.0588,0.5
407,P000595,313,313,313,313,313,313,313,313,2,37,54,0,164,9,80,0.0064,0.1182,0.1725,0.0,0.524,0.0288,0.2556
408,P000597,139,139,139,139,139,139,139,139,24,7,18,3,65,0,28,0.1727,0.0504,0.1295,0.0216,0.4676,0.0,0.2014
409,P000599,219,219,219,219,219,219,219,219,47,14,37,5,133,42,83,0.2146,0.0639,0.1689,0.0228,0.6073,0.1918,0.379
410,P000601,18,18,18,18,18,18,18,18,0,0,3,0,3,0,1,0.0,0.0,0.1667,0.0,0.1667,0.0,0.0556
411,P000603,990,990,990,990,990,990,990,990,112,33,28,6,411,79,157,0.1131,0.0333,0.0283,0.0061,0.4152,0.0798,0.1586
412,P000604,664,662,663,663,661,664,662,664,72,20,67,18,320,17,165,0.1088,0.0302,0.1011,0.0272,0.4819,0.0257,0.2485
413,P000605,436,436,436,436,436,436,436,436,63,9,5,13,153,19,67,0.1445,0.0206,0.0115,0.0298,0.3509,0.0436,0.1537
414,P000607,334,334,334,334,334,334,334,334,77,19,21,23,205,16,98,0.2305,0.0569,0.0629,0.0689,0.6138,0.0479,0.2934
415,P000608,556,556,556,556,556,556,556,556,12,25,56,1,193,28,74,0.0216,0.045,0.1007,0.0018,0.3471,0.0504,0.1331
416,P000609,151,151,151,151,151,151,151,151,33,1,15,0,67,7,35,0.2185,0.0066,0.0993,0.0,0.4437,0.0464,0.2318
417,P000610,229,229,229,229,229,229,229,229,9,3,1,2,24,3,2,0.0393,0.0131,0.0044,0.0087,0.1048,0.0131,0.0087
418,P000613,1566,1521,1533,1566,1523,1566,1566,1566,44,258,289,4,1125,177,691,0.0289,0.1683,0.1845,0.0026,0.7184,0.113,0.4413
419,P000614,524,524,524,524,524,524,524,524,3,89,144,0,279,7,131,0.0057,0.1698,0.2748,0.0,0.5324,0.0134,0.25
420,P000615,231,230,230,231,230,231,230,231,12,2,32,2,111,17,59,0.0522,0.0087,0.1385,0.0087,0.4805,0.0739,0.2554
421,P000616,709,709,709,709,709,709,709,709,25,87,23,2,261,58,115,0.0353,0.1227,0.0324,0.0028,0.3681,0.0818,0.1622
422,P000617,1824,1787,1796,1824,1787,1824,1824,1824,198,15,126,41,1097,22,543,0.1108,0.0084,0.0691,0.0229,0.6014,0.0121,0.2977
423,P000618,105,105,105,105,105,105,105,105,15,7,7,0,67,8,18,0.1429,0.0667,0.0667,0.0,0.6381,0.0762,0.1714
424,P000619,85,85,85,85,85,85,85,85,0,2,10,0,34,2,17,0.0,0.0235,0.1176,0.0,0.4,0.0235,0.2
425,P000620,213,213,213,213,213,213,213,213,10,13,15,0,86,1,36,0.0469,0.061,0.0704,0.0,0.4038,0.0047,0.169
426,Q000023,510,510,510,510,510,510,510,510,49,31,86,7,274,98,128,0.0961,0.0608,0.1686,0.0137,0.5373,0.1922,0.251
427,R000103,140,139,140,140,140,140,140,140,14,3,5,2,44,2,21,0.1007,0.0214,0.0357,0.0143,0.3143,0.0143,0.15
428,R000122,895,895,895,895,895,895,895,895,54,34,57,4,420,68,233,0.0603,0.038,0.0637,0.0045,0.4693,0.076,0.2603
429,R000305,79,79,79,79,79,79,79,79,10,4,5,2,37,9,15,0.1266,0.0506,0.0633,0.0253,0.4684,0.1139,0.1899
430,R000395,17,17,17,17,17,17,17,17,0,0,4,0,3,0,5,0.0,0.0,0.2353,0.0,0.1765,0.0,0.2941
431,R000575,217,217,217,217,217,217,217,217,11,16,7,0,66,32,41,0.0507,0.0737,0.0323,0.0,0.3041,0.1475,0.1889
432,R000576,30,30,30,30,30,30,30,30,2,2,4,0,16,0,4,0.0667,0.0667,0.1333,0.0,0.5333,0.0,0.1333
433,R000579,1035,1033,1035,1035,1035,1035,1035,1035,24,34,105,0,438,19,145,0.0232,0.0329,0.1014,0.0,0.4232,0.0184,0.1401
434,R000584,1804,1801,1801,1804,1798,1804,1798,1804,237,73,101,3,1061,119,618,0.1316,0.0405,0.056,0.0017,0.5881,0.0662,0.3426
435,R000595,779,776,777,779,774,779,774,779,106,12,24,10,364,242,146,0.1366,0.0154,0.0308,0.0129,0.4673,0.3127,0.1874
436,R000599,176,171,171,176,171,176,176,176,5,14,46,0,113,2,55,0.0292,0.0819,0.2614,0.0,0.642,0.0114,0.3125
437,R000600,520,520,520,520,520,520,520,520,19,40,45,0,272,150,81,0.0365,0.0769,0.0865,0.0,0.5231,0.2885,0.1558
438,R000603,839,839,839,839,839,839,839,839,77,27,110,5,434,34,215,0.0918,0.0322,0.1311,0.006,0.5173,0.0405,0.2563
439,R000605,469,469,469,469,469,469,469,469,9,21,28,0,207,65,112,0.0192,0.0448,0.0597,0.0,0.4414,0.1386,0.2388
440,R000606,648,648,648,648,648,648,648,648,71,19,60,19,269,16,102,0.1096,0.0293,0.0926,0.0293,0.4151,0.0247,0.1574
441,R000608,207,203,204,207,203,207,207,207,4,41,51,1,114,28,48,0.0197,0.201,0.2464,0.0049,0.5507,0.1353,0.2319
442,R000609,461,455,457,461,452,461,457,461,50,28,55,1,247,19,131,0.1099,0.0613,0.1193,0.0022,0.5358,0.0416,0.2842
443,R000610,758,758,758,758,758,758,758,758,205,10,73,18,358,57,161,0.2704,0.0132,0.0963,0.0237,0.4723,0.0752,0.2124
444,R000612,272,272,272,272,272,272,272,272,72,4,20,10,160,14,101,0.2647,0.0147,0.0735,0.0368,0.5882,0.0515,0.3713
445,R000614,1762,1762,1762,1762,1762,1762,1762,1762,454,12,37,147,767,82,207,0.2577,0.0068,0.021,0.0834,0.4353,0.0465,0.1175
446,R000615,353,353,353,353,353,353,353,353,30,53,37,5,250,97,94,0.085,0.1501,0.1048,0.0142,0.7082,0.2748,0.2663
447,R000617,22,22,22,22,22,22,22,22,4,0,0,1,12,0,3,0.1818,0.0,0.0,0.0455,0.5455,0.0,0.1364
448,R000618,14,14,14,14,14,14,14,14,3,0,0,0,9,0,5,0.2143,0.0,0.0,0.0,0.6429,0.0,0.3571
449,S000033,860,860,860,860,860,860,860,860,73,17,18,5,338,18,108,0.0849,0.0198,0.0209,0.0058,0.393,0.0209,0.1256
450,S000148,1378,1378,1378,1378,1378,1378,1378,1378,154,134,70,32,486,113,407,0.1118,0.0972,0.0508,0.0232,0.3527,0.082,0.2954
451,S000168,477,477,477,477,477,477,477,477,34,7,36,7,162,73,64,0.0713,0.0147,0.0755,0.0147,0.3396,0.153,0.1342
452,S000185,366,366,366,366,366,366,366,366,43,6,14,0,222,0,102,0.1175,0.0164,0.0383,0.0,0.6066,0.0,0.2787
453,S000250,513,513,513,513,513,513,513,513,65,8,44,3,250,33,100,0.1267,0.0156,0.0858,0.0058,0.4873,0.0643,0.1949
454,S000344,496,476,480,496,476,496,496,496,48,16,34,4,281,92,160,0.1008,0.0333,0.0685,0.0084,0.5665,0.1855,0.3226
455,S000510,603,603,603,603,603,603,603,603,37,25,20,20,199,62,68,0.0614,0.0415,0.0332,0.0332,0.33,0.1028,0.1128
456,S000522,815,788,795,815,788,815,815,815,177,24,67,13,405,185,206,0.2246,0.0302,0.0822,0.0165,0.4969,0.227,0.2528
457,S000770,227,226,226,227,226,227,227,227,19,9,23,1,86,1,25,0.0841,0.0398,0.1013,0.0044,0.3789,0.0044,0.1101
458,S000929,202,201,200,202,199,202,199,202,9,13,9,1,89,31,49,0.0448,0.065,0.0446,0.005,0.4406,0.1558,0.2426
459,S001135,596,596,596,596,596,596,596,596,50,17,49,2,220,123,91,0.0839,0.0285,0.0822,0.0034,0.3691,0.2064,0.1527
460,S001145,738,737,737,738,737,738,737,738,63,11,55,4,270,6,88,0.0855,0.0149,0.0745,0.0054,0.3659,0.0081,0.1192
461,S001148,1192,1180,1182,1192,1180,1192,1192,1192,48,45,243,1,664,18,292,0.0407,0.0381,0.2039,0.0008,0.557,0.0151,0.245
462,S001150,276,275,275,276,275,276,276,276,41,1,7,8,51,3,22,0.1491,0.0036,0.0254,0.0291,0.1848,0.0109,0.0797
463,S001156,498,490,494,498,490,498,498,498,10,24,113,1,245,19,116,0.0204,0.0486,0.2269,0.002,0.492,0.0382,0.2329
464,S001157,195,188,189,195,188,195,195,195,7,11,26,0,83,0,42,0.0372,0.0582,0.1333,0.0,0.4256,0.0,0.2154
465,S001159,218,217,217,218,216,218,216,218,9,7,24,2,72,6,34,0.0415,0.0323,0.1101,0.0093,0.3303,0.0278,0.156
466,S001165,27,27,27,27,27,27,27,27,2,6,6,0,25,18,21,0.0741,0.2222,0.2222,0.0,0.9259,0.6667,0.7778
467,S001168,249,249,249,249,249,249,249,249,4,14,34,0,121,0,67,0.0161,0.0562,0.1365,0.0,0.4859,0.0,0.2691
468,S001172,872,862,864,872,862,872,872,872,107,50,86,1,601,117,269,0.1241,0.0579,0.0986,0.0012,0.6892,0.1342,0.3085
469,S001175,100,100,100,100,100,100,100,100,6,2,11,0,39,2,7,0.06,0.02,0.11,0.0,0.39,0.02,0.07
470,S001176,564,564,564,564,564,564,564,564,57,3,45,6,279,38,222,0.1011,0.0053,0.0798,0.0106,0.4947,0.0674,0.3936
471,S001177,1855,1855,1855,1855,1854,1855,1854,1855,25,74,395,1,1098,113,609,0.0135,0.0399,0.2129,0.0005,0.5919,0.0609,0.3283
472,S001180,31,30,30,31,30,31,31,31,0,3,11,0,27,0,8,0.0,0.1,0.3548,0.0,0.871,0.0,0.2581
473,S001181,474,469,469,474,469,474,474,474,32,40,87,2,242,57,78,0.0682,0.0853,0.1835,0.0043,0.5105,0.1203,0.1646
474,S001183,1734,1734,1734,1734,1734,1734,1734,1734,138,38,31,37,639,13,67,0.0796,0.0219,0.0179,0.0213,0.3685,0.0075,0.0386
475,S001184,553,552,553,553,552,553,553,553,91,5,57,2,289,41,108,0.1649,0.009,0.1031,0.0036,0.5226,0.0741,0.1953
476,S001185,223,223,223,223,223,223,223,223,7,13,37,1,119,4,72,0.0314,0.0583,0.1659,0.0045,0.5336,0.0179,0.3229
477,S001189,589,589,589,589,589,589,589,589,63,9,38,5,235,54,116,0.107,0.0153,0.0645,0.0085,0.399,0.0917,0.1969
478,S001190,1815,1815,1815,1815,1815,1815,1815,1815,55,120,129,2,571,174,246,0.0303,0.0661,0.0711,0.0011,0.3146,0.0959,0.1355
479,S001191,95,94,94,95,93,95,95,95,6,24,26,0,58,3,23,0.0638,0.2553,0.2737,0.0,0.6105,0.0316,0.2421
480,S001192,265,265,265,265,265,265,265,265,63,22,34,3,134,22,48,0.2377,0.083,0.1283,0.0113,0.5057,0.083,0.1811
481,S001193,255,250,253,255,250,255,254,255,31,13,24,14,88,13,43,0.124,0.0514,0.0941,0.056,0.3451,0.0512,0.1686
482,S001194,428,428,428,428,428,428,428,428,13,19,69,0,284,14,132,0.0304,0.0444,0.1612,0.0,0.6636,0.0327,0.3084
483,S001195,915,915,915,915,915,915,915,915,248,22,70,15,481,69,170,0.271,0.024,0.0765,0.0164,0.5257,0.0754,0.1858
484,S001196,1140,1140,1140,1140,1140,1140,1140,1140,223,29,170,30,510,66,206,0.1956,0.0254,0.1491,0.0263,0.4474,0.0579,0.1807
485,S001198,756,755,755,756,755,756,756,756,86,31,18,38,191,145,45,0.1139,0.0411,0.0238,0.0503,0.2526,0.1918,0.0595
486,S001199,634,634,634,634,634,634,634,634,32,11,45,1,250,10,97,0.0505,0.0174,0.071,0.0016,0.3943,0.0158,0.153
487,S001200,1399,1399,1399,1399,1399,1399,1399,1399,14,39,319,1,552,10,264,0.01,0.0279,0.228,0.0007,0.3946,0.0071,0.1887
488,S001203,156,156,156,156,156,156,156,156,16,6,10,8,81,0,35,0.1026,0.0385,0.0641,0.0513,0.5192,0.0,0.2244
489,S001205,306,306,306,306,306,306,306,306,47,17,26,11,168,0,86,0.1536,0.0556,0.085,0.0359,0.549,0.0,0.281
490,S001207,341,341,341,341,341,341,341,341,20,13,56,3,156,33,61,0.0587,0.0381,0.1642,0.0088,0.4575,0.0968,0.1789
491,S001208,598,598,598,598,598,598,598,598,11,16,43,2,187,11,79,0.0184,0.0268,0.0719,0.0033,0.3127,0.0184,0.1321
492,S001209,1131,1128,1129,1131,1127,1131,1130,1131,31,135,158,0,480,57,254,0.0275,0.1196,0.1397,0.0,0.4244,0.0504,0.2246
493,S001211,52,52,52,52,52,52,52,52,5,10,5,0,24,3,12,0.0962,0.1923,0.0962,0.0,0.4615,0.0577,0.2308
494,S001212,484,484,484,484,484,484,484,484,46,7,41,2,219,23,97,0.095,0.0145,0.0847,0.0041,0.4525,0.0475,0.2004
495,S001213,437,437,437,437,437,437,437,437,17,15,38,1,238,6,105,0.0389,0.0343,0.087,0.0023,0.5446,0.0137,0.2403
496,S001214,655,655,655,655,655,655,655,655,120,8,77,16,349,31,212,0.1832,0.0122,0.1176,0.0244,0.5328,0.0473,0.3237
497,S001215,449,449,449,449,445,449,445,449,16,25,30,2,129,31,55,0.0356,0.0557,0.0668,0.0045,0.2873,0.0697,0.1225
498,S001216,77,77,77,77,77,77,77,77,0,8,13,0,40,4,32,0.0,0.1039,0.1688,0.0,0.5195,0.0519,0.4156
499,S001217,2871,2870,2870,2871,2870,2871,2871,2871,706,104,335,109,1879,414,861,0.246,0.0362,0.1167,0.038,0.6545,0.1442,0.2999
500,S001218,245,245,245,245,245,245,245,245,18,4,17,1,111,2,49,0.0735,0.0163,0.0694,0.0041,0.4531,0.0082,0.2
501,S001220,60,60,60,60,60,60,60,60,17,1,6,2,31,1,12,0.2833,0.0167,0.1,0.0333,0.5167,0.0167,0.2
502,S001221,244,244,244,244,244,244,244,244,12,19,26,1,108,5,47,0.0492,0.0779,0.1066,0.0041,0.4426,0.0205,0.1926
503,S001222,167,167,167,167,167,167,167,167,53,1,7,8,86,66,35,0.3174,0.006,0.0419,0.0479,0.515,0.3952,0.2096
504,S001223,546,546,546,546,546,546,546,546,19,37,65,2,174,1,103,0.0348,0.0678,0.119,0.0037,0.3187,0.0018,0.1886
505,S001224,429,429,429,429,429,429,429,429,48,0,18,8,114,22,37,0.1119,0.0,0.042,0.0186,0.2657,0.0513,0.0862
506,S001225,34,34,34,34,34,34,34,34,5,3,4,0,26,0,10,0.1471,0.0882,0.1176,0.0,0.7647,0.0,0.2941
507,S001226,175,175,175,175,175,175,175,175,5,11,19,0,96,0,50,0.0286,0.0629,0.1086,0.0,0.5486,0.0,0.2857
508,S001227,113,113,113,113,113,113,113,113,5,3,1,0,14,0,1,0.0442,0.0265,0.0088,0.0,0.1239,0.0,0.0088
509,T000165,1296,1295,1295,1296,1295,1296,1296,1296,302,21,67,47,653,98,255,0.2332,0.0162,0.0517,0.0363,0.5039,0.0756,0.1968
510,T000193,284,284,284,284,284,284,284,284,11,2,3,4,49,2,35,0.0387,0.007,0.0106,0.0141,0.1725,0.007,0.1232
511,T000250,1006,1006,1006,1006,1006,1006,1006,1006,155,38,34,8,499,70,190,0.1541,0.0378,0.0338,0.008,0.496,0.0696,0.1889
512,T000278,663,660,660,663,659,663,662,663,118,13,57,25,344,27,141,0.1788,0.0197,0.086,0.0379,0.5189,0.0408,0.2127
513,T000460,268,268,268,268,268,268,268,268,17,12,32,2,112,2,53,0.0634,0.0448,0.1194,0.0075,0.4179,0.0075,0.1978
514,T000463,105,105,105,105,105,105,105,105,0,9,6,0,40,5,29,0.0,0.0857,0.0571,0.0,0.381,0.0476,0.2762
515,T000464,223,223,223,223,223,223,223,223,17,20,32,0,99,18,42,0.0762,0.0897,0.1435,0.0,0.4439,0.0807,0.1883
516,T000467,982,975,975,982,975,982,982,982,79,42,86,1,431,23,233,0.081,0.0431,0.0876,0.001,0.4389,0.0234,0.2373
517,T000468,92,92,92,92,92,92,92,92,11,11,15,2,46,4,27,0.1196,0.1196,0.163,0.0217,0.5,0.0435,0.2935
518,T000469,1450,1449,1449,1450,1449,1450,1450,1450,71,76,233,3,776,1,285,0.049,0.0524,0.1607,0.0021,0.5352,0.0007,0.1966
519,T000472,222,222,222,222,222,222,222,222,14,1,20,2,113,0,57,0.0631,0.0045,0.0901,0.009,0.509,0.0,0.2568
520,T000474,533,531,531,533,531,533,533,533,54,40,82,12,311,18,151,0.1017,0.0753,0.1538,0.0226,0.5835,0.0338,0.2833
521,T000476,199,197,197,199,197,199,199,199,36,13,8,5,115,12,34,0.1827,0.066,0.0402,0.0254,0.5779,0.0603,0.1709
522,T000478,1377,1377,1377,1377,1377,1377,1377,1377,262,32,170,23,782,138,470,0.1903,0.0232,0.1235,0.0167,0.5679,0.1002,0.3413
523,T000480,18,18,18,18,18,18,18,18,5,0,1,0,5,0,4,0.2778,0.0,0.0556,0.0,0.2778,0.0,0.2222
524,T000481,1673,1673,1673,1673,1673,1673,1673,1673,176,18,103,33,803,73,295,0.1052,0.0108,0.0616,0.0197,0.48,0.0436,0.1763
525,T000482,326,323,324,326,323,326,326,326,39,25,56,6,162,1,61,0.1207,0.0772,0.1718,0.0186,0.4969,0.0031,0.1871
526,T000483,382,381,381,382,381,382,382,382,21,28,82,2,225,19,89,0.0551,0.0735,0.2147,0.0052,0.589,0.0497,0.233
527,T000486,154,154,154,154,154,154,154,154,19,11,18,4,69,19,32,0.1234,0.0714,0.1169,0.026,0.4481,0.1234,0.2078
528,T000487,121,121,121,121,121,121,121,121,6,6,2,3,37,5,9,0.0496,0.0496,0.0165,0.0248,0.3058,0.0413,0.0744
529,T000488,53,53,53,53,53,53,53,53,0,2,1,0,20,2,4,0.0,0.0377,0.0189,0.0,0.3774,0.0377,0.0755
530,U000031,238,237,238,238,237,238,238,238,2,24,45,1,83,26,52,0.0084,0.1008,0.1891,0.0042,0.3487,0.1092,0.2185
531,U000040,89,89,89,89,89,89,89,89,3,1,23,0,43,0,18,0.0337,0.0112,0.2584,0.0,0.4831,0.0,0.2022
532,V000081,147,147,147,147,146,147,146,147,20,6,17,7,94,5,38,0.1361,0.0408,0.1156,0.0479,0.6395,0.0342,0.2585
533,V000128,250,250,250,250,250,250,250,250,24,14,55,3,164,9,77,0.096,0.056,0.22,0.012,0.656,0.036,0.308
534,V000129,1353,1353,1353,1353,1353,1353,1353,1353,38,89,107,0,553,58,260,0.0281,0.0658,0.0791,0.0,0.4087,0.0429,0.1922
535,V000130,97,97,97,97,97,97,97,97,4,6,16,0,39,1,16,0.0412,0.0619,0.1649,0.0,0.4021,0.0103,0.1649
536,V000131,409,408,408,409,408,409,409,409,47,48,51,3,244,31,134,0.1152,0.1176,0.1247,0.0074,0.5966,0.0758,0.3276
537,V000133,382,382,382,382,382,382,382,382,72,2,56,10,219,4,71,0.1885,0.0052,0.1466,0.0262,0.5733,0.0105,0.1859
538,V000134,187,187,187,187,186,187,186,187,29,2,19,4,75,4,23,0.1551,0.0107,0.1016,0.0215,0.4011,0.0215,0.123
539,V000135,147,147,147,147,147,147,147,147,3,6,23,0,87,4,49,0.0204,0.0408,0.1565,0.0,0.5918,0.0272,0.3333
540,V000136,185,185,185,185,185,185,185,185,2,6,7,0,41,1,17,0.0108,0.0324,0.0378,0.0,0.2216,0.0054,0.0919
541,V000137,25,25,25,25,25,25,25,25,6,0,0,0,6,3,2,0.24,0.0,0.0,0.0,0.24,0.12,0.08
542,W000187,180,178,179,180,178,180,180,180,19,6,2,3,96,0,63,0.1067,0.0335,0.0111,0.0169,0.5333,0.0,0.35
543,W000437,992,992,992,992,992,992,992,992,141,28,76,11,574,218,182,0.1421,0.0282,0.0766,0.0111,0.5786,0.2198,0.1835
544,W000779,596,590,588,596,588,596,589,596,68,38,39,3,353,46,137,0.1153,0.0646,0.0654,0.0051,0.5923,0.0781,0.2299
545,W000788,285,283,283,285,283,285,285,285,14,16,44,3,128,1,71,0.0495,0.0565,0.1544,0.0106,0.4491,0.0035,0.2491
546,W000790,157,157,157,157,157,157,157,157,8,10,8,0,76,0,19,0.051,0.0637,0.051,0.0,0.4841,0.0,0.121
547,W000795,567,566,566,567,566,567,567,567,125,20,36,31,273,231,109,0.2208,0.0353,0.0635,0.0548,0.4815,0.4074,0.1922
548,W000797,531,530,531,531,530,531,531,531,66,18,29,11,231,27,97,0.1245,0.0339,0.0546,0.0208,0.435,0.0508,0.1827
549,W000798,373,373,373,373,373,373,373,373,28,33,59,2,235,17,126,0.0751,0.0885,0.1582,0.0054,0.63,0.0456,0.3378
550,W000800,358,358,358,358,358,358,358,358,13,28,19,1,146,22,42,0.0363,0.0782,0.0531,0.0028,0.4078,0.0615,0.1173
551,W000802,480,478,478,480,477,480,477,480,103,5,7,30,145,2,59,0.2155,0.0105,0.0146,0.0629,0.3021,0.0042,0.1229
552,W000804,1243,1243,1243,1243,1243,1243,1243,1243,82,30,120,1,621,167,276,0.066,0.0241,0.0965,0.0008,0.4996,0.1344,0.222
553,W000805,243,242,242,243,242,243,243,243,7,17,28,0,119,11,45,0.0289,0.0702,0.1152,0.0,0.4897,0.0453,0.1852
554,W000806,978,977,977,978,977,978,978,978,64,16,115,2,395,36,217,0.0655,0.0164,0.1176,0.002,0.4039,0.0368,0.2219
555,W000808,234,234,234,234,234,234,234,234,33,8,16,4,100,4,19,0.141,0.0342,0.0684,0.0171,0.4274,0.0171,0.0812
556,W000809,1449,1449,1449,1449,1448,1449,1448,1449,71,51,188,2,546,124,316,0.049,0.0352,0.1297,0.0014,0.3768,0.0856,0.2181
557,W000812,739,739,739,739,739,739,739,739,70,43,79,6,444,124,264,0.0947,0.0582,0.1069,0.0081,0.6008,0.1678,0.3572
558,W000814,1184,1184,1184,1184,1184,1184,1184,1184,201,15,107,18,622,77,360,0.1698,0.0127,0.0904,0.0152,0.5253,0.065,0.3041
559,W000815,468,468,468,468,468,468,468,468,78,11,22,2,221,26,63,0.1667,0.0235,0.047,0.0043,0.4722,0.0556,0.1346
560,W000816,368,368,368,368,367,368,367,368,84,6,42,1,224,14,78,0.2283,0.0163,0.1141,0.0027,0.6087,0.0381,0.212
561,W000817,375,373,373,375,373,375,375,375,74,9,6,6,175,40,68,0.1984,0.0241,0.016,0.0161,0.4667,0.1067,0.1813
562,W000821,793,793,793,793,793,793,793,793,108,33,78,0,376,29,186,0.1362,0.0416,0.0984,0.0,0.4741,0.0366,0.2346
563,W000822,292,292,292,292,292,292,292,292,51,4,23,10,171,1,76,0.1747,0.0137,0.0788,0.0342,0.5856,0.0034,0.2603
564,W000823,44,44,44,44,44,44,44,44,5,1,4,0,29,11,14,0.1136,0.0227,0.0909,0.0,0.6591,0.25,0.3182
565,W000825,119,119,119,119,119,119,119,119,7,14,25,0,66,3,35,0.0588,0.1176,0.2101,0.0,0.5546,0.0252,0.2941
566,W000826,653,653,653,653,653,653,653,653,18,75,131,1,319,61,154,0.0276,0.1149,0.2006,0.0015,0.4885,0.0934,0.2358
567,W000828,708,708,708,708,708,708,708,708,45,22,68,3,275,29,104,0.0636,0.0311,0.096,0.0042,0.3884,0.041,0.1469
568,Y000062,1,1,1,1,1,1,1,1,0,0,0,0,0,0,0,0.0,0.0,0.0,0.0,0.0,0.0,0.0
569,Y000064,615,615,615,615,615,615,615,615,31,53,65,0,320,91,193,0.0504,0.0862,0.1057,0.0,0.5203,0.148,0.3138
570,Y000067,222,222,222,222,222,222,222,222,21,11,13,2,90,7,42,0.0946,0.0495,0.0586,0.009,0.4054,0.0315,0.1892
571,Z000017,7,7,7,7,7,7,7,7,0,1,2,0,3,0,1,0.0,0.1429,0.2857,0.0,0.4286,0.0,0.1429
572,Z000018,269,263,265,269,263,269,269,269,29,12,21,3,144,22,55,0.1103,0.0453,0.0781,0.0114,0.5353,0.0818,0.2045
